Workbook

Sheet whisper-base
B1: audio_path | C1: reference | D1: prediction | E1: wer | F1: reference_en | G1: prediction_en | H1: semantic_similarity
A2: 0 | B2: common_voice_ar_19216700.mp3 | C2: ألديك قلم ؟ | D2: الديكة خلم | E2: 1 | F2: do you have a pen? | G2: roosters dream | H2: 0.10024308
A3: 1 | B3: common_voice_ar_19242995.mp3 | C3: أين المشكلة ؟ | D3: هنا المشكل | E3: 1 | F3: what's the problem? | G3: here's the problem | H3: 0.58972597
A4: 2 | B4: common_voice_ar_19967173.mp3 | C4: إنك تتكلم كأمك | D4: إنه جدا جدا جدا جدا جدا جدا جدا جدا جدا جدا جدا جدا جدا جدا جدا جدا جدا جدا جدا جدا جدا جدا جدا جدا جدا جدا جدا جدا جدا جدا جدا جدا جدا جدا جدا جدا جدا جدا جدا جدا جدا جدا جدا جدا جدا جدا جدا جدا جدا جدا جدا جدا جدا جدا جدا جدا جدا جدا جدا جدا جدا جدا جدا جدا جدا جدا جدا جدا جدا جدا جدا جدا جدا جدا جدا جدا جدا جدا جدا جدا جدا جدا جدا جدا جدا جدا جدا جدا جدا جدا جدا جدا جدا جدا جدا جدا جدا جدا جدا جدا جدا جدا جدا جدا جدا جدا جدا جدا جدا جدا جدا جدا جدا جدا جدا جدا جدا جدا جدا جدا جدا جدا جدا جدا جدا جدا جدا جدا جدا جدا جدا جدا جدا جدا جدا جدا جدا جدا جدا جدا جدا جدا جدا جدا جدا جدا جدا جدا جدا جدا جدا جدا جدا جدا جدا جدا جدا جدا جدا جدا جدا جدا جدا جدا جدا جدا جدا جدا جدا جدا جدا جدا جدا جدا جدا جدا جدا جدا جدا جدا جدا جدا جدا جدا جدا جدا جدا جدا جدا جدا جدا جدا جدا جدا جدا جدا جدا جدا جدا جدا جدا جدا جدا جدا جدا جدا جدا جدا جدا جدا جدا جدا جدا جدا جدا جدا جدا جدا جدا جدا جدا | E4: 74 | F4: you talk like your mother | G4: it is very ... | H4: 0.21664923
A5: 3 | B5: common_voice_ar_19235572.mp3 | C5: تقوم أمي بإعداد كعكة لأجل أبي | D5: تقوم بي نتكلم بي نجل | E5: 0.83333333 | F5: my mom is making a cake for my dad. | G5: you talk to me son | H5: 0.11883293
A6: 4 | B6: common_voice_ar_19653471.mp3 | C6: لا أستطيع أن أجد أي خطأ في نظريته | D6: نأفضلت عوى أجد أي خطئ في نظريةه | E6: 0.625 | F6: i can't find any fault with his theory. | G6: i would rather not find any error in his theory. | H6: 0.72776049
A7: 5 | B7: common_voice_ar_19721750.mp3 | C7: هل ستسافر إلى أمريكا الشهر القادم ؟ | D7: هل ستسافر إلى أمريكا الشهر القادم؟ | E7: 0.28571429 | F7: are you traveling to america next month? | G7: are you traveling to america next month? | H7: 1
A8: 6 | B8: common_voice_ar_19745679.mp3 | C8: انها تبكي | D8: إنه تبكي | E8: 0.5 | F8: she is crying | G8: she is crying | H8: 0.99999994
A9: 7 | B9: common_voice_ar_19947205.mp3 | C9: إنك تشرب الكثير من القهوة | D9: نكتش ربك سيرى من القفة | E9: 0.8 | F9: you drink too much coffee | G9: discover your lord, he will see from the basket | H9: 0.18284464
A10: 8 | B10: common_voice_ar_19204574.mp3 | C10: كم الساعة ؟ | D10: تميسة | E10: 1 | F10: what's the time ? | G10: tamisa | H10: 0.1980294
A11: 9 | B11: common_voice_ar_19579952.mp3 | C11: إن التحدث بالإنجليزية أمر ممتع | D11: ان التحدث بالإنجليزية امرون الممتاء | E11: 0.6 | F11: speaking english is fun. | G11: speaking english is a pleasure. | H11: 0.74012136
A12: 10 | B12: common_voice_ar_19706670.mp3 | C12: درجتك في الإمتحان ممتازة | D12: درجة كافي متحاني من تزة | E12: 1.25 | F12: your exam score is excellent. | G12: my exam grade is enough from taza | H12: 0.59055275
A13: 11 | B13: common_voice_ar_19664756.mp3 | C13: سمعت اليوم شيئاً جديداً | D13: سمع تليوم شي and jet Eden | E13: 1.5 | F13: i heard something new today | G13: hear tilliom shi and jet eden | H13: 0.26416093
... A101: 99 | B101: common_voice_ar_19205717.mp3 | C101: من فضلك تعال | D101: من فضلكة تعال | E101: 0.33333333 | F101: please come | G101: please come | H101: 1.0000001

Sheet whisper-large-v3
B1: audio_path | C1: reference | D1: prediction | E1: wer | F1: reference_en | G1: prediction_en | H1: semantic_similarity
A2: 0 | B2: common_voice_ar_19216700.mp3 | C2: ألديك قلم ؟ | D2: ألديك أخوانا؟ | E2: 0.66666667 | F2: do you have a pen? | G2: do you have brothers? | H2: 0.3153075
A3: 1 | B3: common_voice_ar_19242995.mp3 | C3: أين المشكلة ؟ | D3: أين المشكل؟ | E3: 0.66666667 | F3: what's the problem? | G3: what's the problem? | H3: 1.0000002
A4: 2 | B4: common_voice_ar_19967173.mp3 | C4: إنك تتكلم كأمك | D4: إنك تتكلم كأمك | E4: 0 | F4: you talk like your mother | G4: you talk like your mother | H4: 1.0000002
A5: 3 | B5: common_voice_ar_19235572.mp3 | C5: تقوم أمي بإعداد كعكة لأجل أبي | D5: تقوم بإعذاب كاكة من أجلابي | E5: 0.83333333 | F5: my mom is making a cake for my dad. | G5: you torture kaka for my sake | H5: 0.02565703
A6: 4 | B6: common_voice_ar_19653471.mp3 | C6: لا أستطيع أن أجد أي خطأ في نظريته | D6: لا أستطيع أن أجد أي خطأ في نظريته | E6: 0 | F6: i can't find any fault with his theory. | G6: i can't find any fault with his theory. | H6: 1
A7: 5 | B7: common_voice_ar_19721750.mp3 | C7: هل ستسافر إلى أمريكا الشهر القادم ؟ | D7: هل ستسافر إلى أمريكا الشهر القادم؟ | E7: 0.28571429 | F7: are you traveling to america next month? | G7: are you traveling to america next month? | H7: 1
A8: 6 | B8: common_voice_ar_19745679.mp3 | C8: انها تبكي | D8: إن أجبك | E8: 1 | F8: she is crying | G8: if he answers you | H8: 0.0095533039
A9: 7 | B9: common_voice_ar_19947205.mp3 | C9: إنك تشرب الكثير من القهوة | D9: إنك تشرب الكثير من القهوة | E9: 0 | F9: you drink too much coffee | G9: you drink too much coffee | H9: 0.99999994
A10: 8 | B10: common_voice_ar_19204574.mp3 | C10: كم الساعة ؟ | D10: كم صعب | E10: 0.66666667 | F10: what's the time ? | G10: how hard | H10: 0.21769086
A11: 9 | B11: common_voice_ar_19579952.mp3 | C11: إن التحدث بالإنجليزية أمر ممتع | D11: إن التحدث بالإنجليزية أمر ممتع | E11: 0 | F11: speaking english is fun. | G11: speaking english is fun. | H11: 1.0000001
A12: 10 | B12: common_voice_ar_19706670.mp3 | C12: درجتك في الإمتحان ممتازة | D12: درجاتك في الامتحان ممتازة | E12: 0.5 | F12: your exam score is excellent. | G12: your exam grades are excellent. | H12: 0.91587007
A13: 11 | B13: common_voice_ar_19664756.mp3 | C13: سمعت اليوم شيئاً جديداً | D13: سمعت اليوم شيئاً جديداً | E13: 0 | F13: i heard something new today | G13: i heard something new today | H13: 1
... A101: 99 | B101: common_voice_ar_19205717.mp3 | C101: من فضلك تعال | D101: من فضلك تعال | E101: 0 | F101: please come | G101: please come | H101: 1.0000002

Sheet wav2vec2_arabic
B1: audio_path | C1: reference | D1: prediction | E1: wer | F1: reference_en | G1: prediction_en | H1: semantic_similarity
A2: 0 | B2: common_voice_ar_19216700.mp3 | C2: ألديك قلم ؟ | D2: ألديك قلم | E2: 0.33333333 | F2: do you have a pen? | G2: do you have a pen? | H2: 0.99999994
A3: 1 | B3: common_voice_ar_19242995.mp3 | C3: أين المشكلة ؟ | D3: أين المشكل | E3: 0.66666667 | F3: what's the problem? | G3: what's the problem? | H3: 1.0000002
A4: 2 | B4: common_voice_ar_19967173.mp3 | C4: إنك تتكلم كأمك | D4: إنك تتكلم ك أمك | E4: 0.66666667 | F4: you talk like your mother | G4: you talk like your mother | H4: 1.0000002 | K4: Trained on common voice dataset, kinda cheating...
A5: 3 | B5: common_voice_ar_19235572.mp3 | C5: تقوم أمي بإعداد كعكة لأجل أبي | D5: تاكوم هم بذتك هكة نا جبابي | E5: 1 | F5: my mom is making a cake for my dad. | G5: takum hum badhak na jababi | H5: 0.041545652
A6: 4 | B6: common_voice_ar_19653471.mp3 | C6: لا أستطيع أن أجد أي خطأ في نظريته | D6: لا أستطيع أن أجد أي خطئ في نظريته | E6: 0.125 | F6: i can't find any fault with his theory. | G6: i can't find any fault with his theory. | H6: 1
A7: 5 | B7: common_voice_ar_19721750.mp3 | C7: هل ستسافر إلى أمريكا الشهر القادم ؟ | D7: هل ستسافر إلى أمريكا الشهر القادم | E7: 0.14285714 | F7: are you traveling to america next month? | G7: are you traveling to america next month? | H7: 1
A8: 6 | B8: common_voice_ar_19745679.mp3 | C8: انها تبكي | D8: إنه أتبكي | E8: 1 | F8: she is crying | G8: he is crying | H8: 0.75318223
A9: 7 | B9: common_voice_ar_19947205.mp3 | C9: إنك تشرب الكثير من القهوة | D9: إنك تشرب الكثير من القهوة | E9: 0 | F9: you drink too much coffee | G9: you drink too much coffee | H9: 0.99999994
A10: 8 | B10: common_voice_ar_19204574.mp3 | C10: كم الساعة ؟ | D10: كم الساعة | E10: 0.33333333 | F10: what's the time ? | G10: what's the time | H10: 0.9701215
A11: 9 | B11: common_voice_ar_19579952.mp3 | C11: إن التحدث بالإنجليزية أمر ممتع | D11: إن التحدث بالإنجليزية أمر ممتع | E11: 0 | F11: speaking english is fun. | G11: speaking english is fun. | H11: 1.0000001
A12: 10 | B12: common_voice_ar_19706670.mp3 | C12: درجتك في الإمتحان ممتازة | D12: درجتك في الإمتحان ممتازة | E12: 0 | F12: your exam score is excellent. | G12: your exam score is excellent. | H12: 1
A13: 11 | B13: common_voice_ar_19664756.mp3 | C13: سمعت اليوم شيئاً جديداً | D13: سمعت اليوم شيئا جديدا | E13: 0.5 | F13: i heard something new today | G13: i heard something new today | H13: 1
A14: 12 | B14: common_voice_ar_19778911.mp3 | C14: توم صديقي | D14: توم صديقي | E14: 0 | F14: tom is my friend | G14: tom is my friend | H14: 1.0000001
A15: 13 | B15: common_voice_ar_19219126.mp3 | C15: ذهبت إلى بيتي | D15: ذهبت إلى بيتي | E15: 0 | F15: i went home | G15: i went home | H15: 1.0000002
A16: 14 | B16: common_voice_ar_19220070.mp3 | C16: بيتي بعيد عن هنا | D16: بيتي بعيد عن هنا | E16: 0 | F16: my house is far from here | G16: my house is far from here | H16: 0.99999988
... A101: 99 | B101: common_voice_ar_19205717.mp3 | C101: من فضلك تعال | D101: من فضلك تعال | E101: 0 | F101: please come | G101: please come | H101: 1.0000002

Sheet comparison
A1: WER_base | B1: WER_large-v3 | C1: WER_diff | D1: WER_wav2vec2_arabic | E1: semantic_sim_base | F1: semantic_sim_large-v3 | G1: sim_diff | H1: semantic_sim_wav2vec2_arabic | I1: semanticly_correct_base | J1: semanticly_correct_large-v3 | K1: semanticly_correct_wav2vec2_arabic
A2: ='whisper-base'!E2 -> 1 | B2: ='whisper-large-v3'!E2 -> 0.66666667 | C2: =B2-A2 -> -0.33333333 | D2: =wav2vec2_arabic!E2 -> 0.33333333 | E2: ='whisper-base'!H2 -> 0.10024308 | F2: ='whisper-large-v3'!H2 -> 0.3153075 | G2: =F2-E2 -> 0.21506441 | H2: =wav2vec2_arabic!H3 -> 1.0000002 | I2: =IF(E2>=0.75, 1, 0) -> 0 | J2: =IF(F2>=0.75, 1, 0) -> 0 | K2: =IF(H2>=0.75, 1, 0) -> 1
A3: ='whisper-base'!E3 -> 1 | B3: ='whisper-large-v3'!E3 -> 0.66666667 | C3: =B3-A3 -> -0.33333333 | D3: =wav2vec2_arabic!E3 -> 0.66666667 | E3: ='whisper-base'!H3 -> 0.58972597 | F3: ='whisper-large-v3'!H3 -> 1.0000002 | G3: =F3-E3 -> 0.41027427 | H3: =wav2vec2_arabic!H4 -> 1.0000002 | I3: =IF(E3>=0.75, 1, 0) -> 0 | J3: =IF(F3>=0.75, 1, 0) -> 1 | K3: =IF(H3>=0.75, 1, 0) -> 1
A4: ='whisper-base'!E4 -> 74 | B4: ='whisper-large-v3'!E4 -> 0 | C4: =B4-A4 -> -74 | D4: =wav2vec2_arabic!E4 -> 0.66666667 | E4: ='whisper-base'!H4 -> 0.21664923 | F4: ='whisper-large-v3'!H4 -> 1.0000002 | G4: =F4-E4 -> 0.783351 | H4: =wav2vec2_arabic!H5 -> 0.041545652 | I4: =IF(E4>=0.75, 1, 0) -> 0 | J4: =IF(F4>=0.75, 1, 0) -> 1 | K4: =IF(H4>=0.75, 1, 0) -> 0
A5: ='whisper-base'!E5 -> 0.83333333 | B5: ='whisper-large-v3'!E5 -> 0.83333333 | C5: =B5-A5 -> 0 | D5: =wav2vec2_arabic!E5 -> 1 | E5: ='whisper-base'!H5 -> 0.11883293 | F5: ='whisper-large-v3'!H5 -> 0.02565703 | G5: =F5-E5 -> -0.093175901 | H5: =wav2vec2_arabic!H6 -> 1 | I5: =IF(E5>=0.75, 1, 0) -> 0 | J5: =IF(F5>=0.75, 1, 0) -> 0 | K5: =IF(H5>=0.75, 1, 0) -> 1
A6: ='whisper-base'!E6 -> 0.625 | B6: ='whisper-large-v3'!E6 -> 0 | C6: =B6-A6 -> -0.625 | D6: =wav2vec2_arabic!E6 -> 0.125 | E6: ='whisper-base'!H6 -> 0.72776049 | F6: ='whisper-large-v3'!H6 -> 1 | G6: =F6-E6 -> 0.27223951 | H6: =wav2vec2_arabic!H7 -> 1 | I6: =IF(E6>=0.75, 1, 0) -> 0 | J6: =IF(F6>=0.75, 1, 0) -> 1 | K6: =IF(H6>=0.75, 1, 0) -> 1 | N6: Summary
A7: ='whisper-base'!E7 -> 0.28571429 | B7: ='whisper-large-v3'!E7 -> 0.28571429 | C7: =B7-A7 -> 0 | D7: =wav2vec2_arabic!E7 -> 0.14285714 | E7: ='whisper-base'!H7 -> 1 | F7: ='whisper-large-v3'!H7 -> 1 | G7: =F7-E7 -> 0 | H7: =wav2vec2_arabic!H8 -> 0.75318223 | I7: =IF(E7>=0.75, 1, 0) -> 1 | J7: =IF(F7>=0.75, 1, 0) -> 1 | K7: =IF(H7>=0.75, 1, 0) -> 1
A8: ='whisper-base'!E8 -> 0.5 | B8: ='whisper-large-v3'!E8 -> 1 | C8: =B8-A8 -> 0.5 | D8: =wav2vec2_arabic!E8 -> 1 | E8: ='whisper-base'!H8 -> 0.99999994 | F8: ='whisper-large-v3'!H8 -> 0.0095533039 | G8: =F8-E8 -> -0.99044664 | H8: =wav2vec2_arabic!H9 -> 0.99999994 | I8: =IF(E8>=0.75, 1, 0) -> 1 | J8: =IF(F8>=0.75, 1, 0) -> 0 | K8: =IF(H8>=0.75, 1, 0) -> 1 | N8: whisper-base | O8: whisper-large-v3 | P8: wav2vec2_arabic
A9: ='whisper-base'!E9 -> 0.8 | B9: ='whisper-large-v3'!E9 -> 0 | C9: =B9-A9 -> -0.8 | D9: =wav2vec2_arabic!E9 -> 0 | E9: ='whisper-base'!H9 -> 0.18284464 | F9: ='whisper-large-v3'!H9 -> 0.99999994 | G9: =F9-E9 -> 0.8171553 | H9: =wav2vec2_arabic!H10 -> 0.9701215 | I9: =IF(E9>=0.75, 1, 0) -> 0 | J9: =IF(F9>=0.75, 1, 0) -> 1 | K9: =IF(H9>=0.75, 1, 0) -> 1 | M9: Average WER (Word Error Rate) | N9: =AVERAGE(A2:A101) -> 2.4656178 | O9: =AVERAGE(B2:B101) -> 0.27302411 | P9: =AVERAGE(D2:D101) -> 0.3121511
A10: ='whisper-base'!E10 -> 1 | B10: ='whisper-large-v3'!E10 -> 0.66666667 | C10: =B10-A10 -> -0.33333333 | D10: =wav2vec2_arabic!E10 -> 0.33333333 | E10: ='whisper-base'!H10 -> 0.1980294 | F10: ='whisper-large-v3'!H10 -> 0.21769086 | G10: =F10-E10 -> 0.019661456 | H10: =wav2vec2_arabic!H11 -> 1.0000001 | I10: =IF(E10>=0.75, 1, 0) -> 0 | J10: =IF(F10>=0.75, 1, 0) -> 0 | K10: =IF(H10>=0.75, 1, 0) -> 1 | M10: Average Semantic Similarity | N10: =AVERAGE(E2:E101) -> 0.44862803 | O10: =AVERAGE(F2:F101) -> 0.82748323 | P10: =AVERAGE(H2:H101) -> 0.820017
A11: ='whisper-base'!E11 -> 0.6 | B11: ='whisper-large-v3'!E11 -> 0 | C11: =B11-A11 -> -0.6 | D11: =wav2vec2_arabic!E11 -> 0 | E11: ='whisper-base'!H11 -> 0.74012136 | F11: ='whisper-large-v3'!H11 -> 1.0000001 | G11: =F11-E11 -> 0.25987875 | H11: =wav2vec2_arabic!H12 -> 1 | I11: =IF(E11>=0.75, 1, 0) -> 0 | J11: =IF(F11>=0.75, 1, 0) -> 1 | K11: =IF(H11>=0.75, 1, 0) -> 1 | M11: Accurcay (# of predictions over 75% / very similar threshold) | N11: =AVERAGE(I2:I101) -> 0.22 | O11: =AVERAGE(J2:J101) -> 0.74 | P11: =AVERAGE(K2:K101) -> 0.74
A12: ='whisper-base'!E12 -> 1.25 | B12: ='whisper-large-v3'!E12 -> 0.5 | C12: =B12-A12 -> -0.75 | D12: =wav2vec2_arabic!E12 -> 0 | E12: ='whisper-base'!H12 -> 0.59055275 | F12: ='whisper-large-v3'!H12 -> 0.91587007 | G12: =F12-E12 -> 0.32531732 | H12: =wav2vec2_arabic!H13 -> 1 | I12: =IF(E12>=0.75, 1, 0) -> 0 | J12: =IF(F12>=0.75, 1, 0) -> 1 | K12: =IF(H12>=0.75, 1, 0) -> 1
A13: ='whisper-base'!E13 -> 1.5 | B13: ='whisper-large-v3'!E13 -> 0 | C13: =B13-A13 -> -1.5 | D13: =wav2vec2_arabic!E13 -> 0.5 | E13: ='whisper-base'!H13 -> 0.26416093 | F13: ='whisper-large-v3'!H13 -> 1 | G13: =F13-E13 -> 0.73583907 | H13: =wav2vec2_arabic!H14 -> 1.0000001 | I13: =IF(E13>=0.75, 1, 0) -> 0 | J13: =IF(F13>=0.75, 1, 0) -> 1 | K13: =IF(H13>=0.75, 1, 0) -> 1
A14: ='whisper-base'!E14 -> 0.5 | B14: ='whisper-large-v3'!E14 -> 0.5 | C14: =B14-A14 -> 0 | D14: =wav2vec2_arabic!E14 -> 0 | E14: ='whisper-base'!H14 -> 0.46012074 | F14: ='whisper-large-v3'!H14 -> 1.0000001 | G14: =F14-E14 -> 0.53987938 | H14: =wav2vec2_arabic!H15 -> 1.0000002 | I14: =IF(E14>=0.75, 1, 0) -> 0 | J14: =IF(F14>=0.75, 1, 0) -> 1 | K14: =IF(H14>=0.75, 1, 0) -> 1
A15: ='whisper-base'!E15 -> 0.33333333 | B15: ='whisper-large-v3'!E15 -> 0 | C15: =B15-A15 -> -0.33333333 | D15: =wav2vec2_arabic!E15 -> 0 | E15: ='whisper-base'!H15 -> 0.41615829 | F15: ='whisper-large-v3'!H15 -> 1.0000001 | G15: =F15-E15 -> 0.58384183 | H15: =wav2vec2_arabic!H16 -> 0.99999988 | I15: =IF(E15>=0.75, 1, 0) -> 0 | J15: =IF(F15>=0.75, 1, 0) -> 1 | K15: =IF(H15>=0.75, 1, 0) -> 1
A16: ='whisper-base'!E16 -> 1 | B16: ='whisper-large-v3'!E16 -> 0 | C16: =B16-A16 -> -1 | D16: =wav2vec2_arabic!E16 -> 0 | E16: ='whisper-base'!H16 -> 0.46657714 | F16: ='whisper-large-v3'!H16 -> 0.99999988 | G16: =F16-E16 -> 0.53342274 | H16: =wav2vec2_arabic!H17 -> 0.99999988 | I16: =IF(E16>=0.75, 1, 0) -> 0 | J16: =IF(F16>=0.75, 1, 0) -> 1 | K16: =IF(H16>=0.75, 1, 0) -> 1
A17: ='whisper-base'!E17 -> 0.4 | B17: ='whisper-large-v3'!E17 -> 0 | C17: =B17-A17 -> -0.4 | D17: =wav2vec2_arabic!E17 -> 0.2 | E17: ='whisper-base'!H17 -> 0.84347999 | F17: ='whisper-large-v3'!H17 -> 0.99999988 | G17: =F17-E17 -> 0.15651989 | H17: =wav2vec2_arabic!H18 -> 0.32088718 | I17: =IF(E17>=0.75, 1, 0) -> 1 | J17: =IF(F17>=0.75, 1, 0) -> 1 | K17: =IF(H17>=0.75, 1, 0) -> 0
A18: ='whisper-base'!E18 -> 0 | B18: ='whisper-large-v3'!E18 -> 0 | C18: =B18-A18 -> 0 | D18: =wav2vec2_arabic!E18 -> 0.5 | E18: ='whisper-base'!H18 -> 1.0000002 | F18: ='whisper-large-v3'!H18 -> 1.0000002 | G18: =F18-E18 -> 0 | H18: =wav2vec2_arabic!H19 -> 0.99999994 | I18: =IF(E18>=0.75, 1, 0) -> 1 | J18: =IF(F18>=0.75, 1, 0) -> 1 | K18: =IF(H18>=0.75, 1, 0) -> 1
A19: ='whisper-base'!E19 -> 1 | B19: ='whisper-large-v3'!E19 -> 0.4 | C19: =B19-A19 -> -0.6 | D19: =wav2vec2_arabic!E19 -> 0.2 | E19: ='whisper-base'!H19 -> 0.23220985 | F19: ='whisper-large-v3'!H19 -> 0.99999994 | G19: =F19-E19 -> 0.76779009 | H19: =wav2vec2_arabic!H20 -> 0.54973769 | I19: =IF(E19>=0.75, 1, 0) -> 0 | J19: =IF(F19>=0.75, 1, 0) -> 1 | K19: =IF(H19>=0.75, 1, 0) -> 0
A20: ='whisper-base'!E20 -> 0.75 | B20: ='whisper-large-v3'!E20 -> 0.25 | C20: =B20-A20 -> -0.5 | D20: =wav2vec2_arabic!E20 -> 0.5 | E20: ='whisper-base'!H20 -> 0.52792418 | F20: ='whisper-large-v3'!H20 -> 0.77473193 | G20: =F20-E20 -> 0.24680775 | H20: =wav2vec2_arabic!H21 -> 1.0000002 | I20: =IF(E20>=0.75, 1, 0) -> 0 | J20: =IF(F20>=0.75, 1, 0) -> 1 | K20: =IF(H20>=0.75, 1, 0) -> 1
A21: ='whisper-base'!E21 -> 1 | B21: ='whisper-large-v3'!E21 -> 1 | C21: =B21-A21 -> 0 | D21: =wav2vec2_arabic!E21 -> 0 | E21: ='whisper-base'!H21 -> 0.15250528 | F21: ='whisper-large-v3'!H21 -> 0.12964974 | G21: =F21-E21 -> -0.022855535 | H21: =wav2vec2_arabic!H22 -> 0.90663362 | I21: =IF(E21>=0.75, 1, 0) -> 0 | J21: =IF(F21>=0.75, 1, 0) -> 0 | K21: =IF(H21>=0.75, 1, 0) -> 1
A22: ='whisper-base'!E22 -> 1 | B22: ='whisper-large-v3'!E22 -> 0.85714286 | C22: =B22-A22 -> -0.14285714 | D22: =wav2vec2_arabic!E22 -> 0.42857143 | E22: ='whisper-base'!H22 -> 0.017880071 | F22: ='whisper-large-v3'!H22 -> 0.37579644 | G22: =F22-E22 -> 0.35791637 | H22: =wav2vec2_arabic!H23 -> 0.84008181 | I22: =IF(E22>=0.75, 1, 0) -> 0 | J22: =IF(F22>=0.75, 1, 0) -> 0 | K22: =IF(H22>=0.75, 1, 0) -> 1
A23: ='whisper-base'!E23 -> 1 | B23: ='whisper-large-v3'!E23 -> 0 | C23: =B23-A23 -> -1 | D23: =wav2vec2_arabic!E23 -> 0.5 | E23: ='whisper-base'!H23 -> 0.3717576 | F23: ='whisper-large-v3'!H23 -> 1.0000001 | G23: =F23-E23 -> 0.62824252 | H23: =wav2vec2_arabic!H24 -> 0.99999976 | I23: =IF(E23>=0.75, 1, 0) -> 0 | J23: =IF(F23>=0.75, 1, 0) -> 1 | K23: =IF(H23>=0.75, 1, 0) -> 1
... A101: ='whisper-base'!E101 -> 0.33333333 | B101: ='whisper-large-v3'!E101 -> 0 | C101: =B101-A101 -> -0.33333333 | D101: =wav2vec2_arabic!E101 -> 0 | E101: ='whisper-base'!H101 -> 1.0000001 | F101: ='whisper-large-v3'!H101 -> 1.0000002 | G101: =F101-E101 -> 1.1920929e-07 | H101: =wav2vec2_arabic!H102 -> 0 | I101: =IF(E101>=0.75, 1, 0) -> 1 | J101: =IF(F101>=0.75, 1, 0) -> 1 | K101: =IF(H101>=0.75, 1, 0) -> 0
